upc,name,price,stock,review_rating,review_num
4165285e1663650f,Sapiens: A Brief History of Humankind,£54.23,20,5,0
a18a4f574854aced,Libertarianism for Beginners,£51.33,19,2,0
e30f54cea9b38190,Mesaerion: The Best Science Fiction Stories 1800-1849,£37.59,19,1,0
a897fe39b1053632,A Light in the Attic,£51.77,22,3,0
90fa61229261140a,Tipping the Velvet,£53.74,20,1,0
a22124811bfa8350,It's Only the Himalayas,£45.17,19,2,0
6957f44c3847a760,Soumission,£50.10,20,1,0
e00eb4fd7b871a48,Sharp Objects,£47.82,20,4,0
feb7cc7701ecf901,Olio,£23.88,19,1,0
deda3e61b9514b83,"Our Band Could Be Your Life: Scenes from the American Indie Underground, 1981-1991",£57.25,19,3,0
a34ba96d4081e6a4,Rip it Up and Start Again,£35.02,19,5,0
3b1c02bac2a429e6,Scott Pilgrim's Precious Little Life (Scott Pilgrim #1),£52.29,19,5,0
ce6396b0f23f6ecc,Set Me Free,£17.46,19,5,0
30a7f60cd76ca58c,Shakespeare's Sonnets,£20.66,19,4,0
0312262ecafa5a40,"Starving Hearts (Triangular Trade Trilogy, #1)",£13.99,19,2,0
1dfe412b8ac00530,The Black Maria,£52.15,19,1,0
e10e1e165dc8be4a,The Boys in the Boat: Nine Americans and Their Epic Quest for Gold at the 1936 Berlin Olympics,£22.60,19,4,0
2597b5a345f45e1b,The Dirty Little Secrets of Getting Your Dream Job,£33.34,19,4,0
e72a5dfc7e9267b2,"The Coming Woman: A Novel Based on the Life of the Infamous Feminist, Victoria Woodhull",£17.93,19,3,0
f77dbf2323deb740,The Requiem Red,£22.65,19,1,0
55f9da0c5eea2e10,You can't bury them all: Poems,£33.63,17,2,0
be5cc846f45496fb,Behind Closed Doors,£52.22,18,4,0
19ed25f4641d5efd,"In a Dark, Dark Wood",£19.63,18,1,0
094b269567e1c300,Maude (1883-1993):She Grew Up with the country,£18.02,18,2,0
668fe56b17cfcd4f,Penny Maybe,£33.29,18,3,0
6be3beb0793a53e7,Sophie's World,£15.94,18,5,0
9f6568e9c95f60b0,The Bear and the Piano,£36.89,18,1,0
3c039985229453bf,The Five Love Languages: How to Express Heartfelt Commitment to Your Mate,£31.05,18,3,0
5dada2b7be26bd03,The Elephant Tree,£23.82,18,5,0
6258a1f6a6dcfe50,The Four Agreements: A Practical Guide to Personal Freedom,£17.66,18,5,0
ccd9ffa25efabdea,Wall and Piece,£44.18,18,4,0
4c28def39d850cdf,Worlds Elsewhere: Journeys Around Shakespeare’s Globe,£40.30,18,5,0
904208d6aa64b655,Aladdin and His Wonderful Lamp,£53.13,19,3,0
c7d160c2c0de586f,America's Cradle of Quarterbacks: Western Pennsylvania's Football Factory from Johnny Unitas to Joe Montana,£22.50,19,3,0
9528d0948525bf5f,Birdsong: A Story in Pictures,£54.64,19,3,0
00bfed9e18bb36f3,Black Dust,£34.53,19,5,0
c2e46a2ee3b4a322,Chase Me (Paris Nights #2),£25.27,19,5,0
5674a18a29a43ced,"Foolproof Preserving: A Guide to Small Batch Jams, Jellies, Pickles, Condiments, and More: A Foolproof Guide to Making Small Batch Jams, Jellies, Pickles, Condiments, and More",£30.52,19,3,0
327f68a59745c102,How Music Works,£37.32,19,2,0
cedf82b5086e4691,The Natural History of Us (The Fine Art of Pretending #2),£45.22,16,3,0
5ee94540d0749ea0,The Past Never Ends,£56.50,16,4,0
142d767a56a9254d,"The Pioneer Woman Cooks: Dinnertime: Comfort Classics, Freezer Food, 16-Minute Meals, and Other Delicious Ways to Solve Supper!",£56.41,16,1,0
b5ea0b5dabed25a8,The Secret of Dreadwillow Carse,£56.13,16,1,0
4eed62cf5f8d8edf,The Torch Is Passed: A Harding Family Story,£19.09,16,1,0
709822d0b5bcb7f4,Thirst,£17.27,16,5,0
51653ef291ab7ddc,This One Summer,£19.49,16,4,0
7858914fad68493c,Throwing Rocks at the Google Bus: How Growth Became the Enemy of Prosperity,£31.12,16,3,0
09555be379ad9253,Tsubasa: WoRLD CHRoNiCLE 2 (Tsubasa WoRLD CHRoNiCLE #2),£16.28,16,1,0
9a9d6e9bc555731e,"Unbound: How Eight Technologies Made Us Human, Transformed Society, and Brought Our World to the Brink",£25.52,16,1,0
7ae099f3898e0209,Unicorn Tracks,£18.78,16,3,0
657fe5ead67a7767,Untitled Collection: Sabbath Poems 2014,£14.27,16,4,0
8d455c7539795d2a,"We Love You, Charlie Freeman",£50.27,16,5,0
3ecb690d1542c568,When We Collided,£31.77,16,1,0
acddfeab2a407640,Without Borders (Wanderlove #1),£45.07,16,2,0
c27f6e1f185b0383,#HigherSelfie: Wake Up Your Life. Free Your Soul. Find Your Tribe.,£23.11,17,5,0
b12b89017878a60d,Private Paris (Private #10),£47.61,17,5,0
c82a3e358c773c73,"Rat Queens, Vol. 3: Demons (Rat Queens (Collected Editions) #11-15)",£50.40,16,3,0
d7310206583a54b6,Reskilling America: Learning to Labor in the Twenty-First Century,£19.83,16,2,0
53a3d11bb568cc8b,"Saga, Volume 5 (Saga (Collected Editions) #5)",£51.04,16,2,0
c849f0b2f5d6a742,"Saga, Volume 6 (Saga (Collected Editions) #6)",£25.02,16,3,0
6f78a0d744c35456,Security,£39.25,16,2,0
e6af5bf1163c1151,Soul Reader,£39.58,16,2,0
87b0615b6e1f4d7b,Spark Joy: An Illustrated Master Class on the Art of Organizing and Tidying Up,£41.83,16,4,0
7d6d2a6c0276f81b,The Activist's Tao Te Ching: Ancient Advice for a Modern Revolution,£32.24,16,5,0
a3d2a4250807f1e9,The Age of Genius: The Seventeenth Century and the Birth of the Modern Mind,£19.73,16,1,0
80cfab6bcff3a244,The Art Forger,£40.76,16,3,0
43c6a960757cf559,"The Bulletproof Diet: Lose up to a Pound a Day, Reclaim Energy and Focus, Upgrade Your Life",£49.05,16,3,0
a30b270e25489e5c,The Electric Pencil: Drawings from Inside State Hospital No. 3,£56.06,16,1,0
bd261725b99f5983,The Death of Humanity: and the Case for Life,£58.11,16,4,0
acd86a5426e21ca0,The Gutsy Girl: Escapades for Your Life of Epic Adventure,£37.13,16,1,0
aadee1c326d286e3,The Most Perfect Thing: Inside (and Outside) a Bird's Egg,£42.96,16,4,0
8c9e6bf2467d740d,"The Inefficiency Assassin: Time Management Tactics for Working Smarter, Not Longer",£20.59,16,5,0
0da9aa9d24677fc0,The Life-Changing Magic of Tidying Up: The Japanese Art of Decluttering and Organizing,£16.77,16,3,0
31075275518532d7,"The Mindfulness and Acceptance Workbook for Anxiety: A Guide to Breaking Free from Anxiety, Phobias, and Worry Using Acceptance and Commitment Therapy",£23.89,16,4,0
b136b1b180ca753a,In the Country We Love: My Family Divided,£22.00,16,4,0
18ad3ed896c7ce05,Join,£35.67,16,5,0
228f74b74f3a08ae,Judo: Seven Steps to Black Belt (an Introductory Guide for Beginners),£53.90,16,2,0
7b75cc7f223791f4,"Layered: Baking, Building, and Styling Spectacular Cakes",£40.11,16,1,0
57e5a4d515c8ce44,Lumberjanes Vol. 3: A Terrible Plan (Lumberjanes #9-12),£19.92,16,2,0
b6ee99bcf06fc91f,"Lumberjanes, Vol. 1: Beware the Kitten Holy (Lumberjanes #1-4)",£45.61,16,3,0
460089f796fb3f82,"Lumberjanes, Vol. 2: Friendship to the Max (Lumberjanes #5-8)",£46.91,16,2,0
72f9d5be3472d34e,"Mama Tried: Traditional Italian Cooking for the Screwed, Crude, Vegan, and Tattooed",£14.02,16,4,0
d170b5a0da46380e,"Unseen City: The Majesty of Pigeons, the Discreet Charm of Snails & Other Wonders of the Urban Wilderness",£44.18,16,4,0
fa9610a50a1bf149,Masks and Shadows,£56.40,16,2,0
784bc2279baa878d,My Paris Kitchen: Recipes and Stories,£33.37,16,2,0
3c346ab1e76ae1f6,Obsidian (Lux #1),£14.86,16,2,0
b757c0c361e689ce,On a Midnight Clear,£14.07,16,3,0
9ffa38d3b832433a,Online Marketing for Busy Authors: A Step-By-Step Guide,£46.35,16,1,0
889139b8e9c4cb36,"Outcast, Vol. 1: A Darkness Surrounds Him (Outcast #1)",£15.44,16,4,0
9429b4d59c537af5,Patience,£10.16,16,3,0
6d5300b2d8f37e07,"Avatar: The Last Airbender: Smoke and Shadow, Part 3 (Smoke and Shadow #3)",£28.09,16,2,0
bdf415fd484ea8a7,"Bitch Planet, Vol. 1: Extraordinary Machine (Bitch Planet (Collected Editions))",£37.92,16,2,0
74baabfc8fd84b38,Bossypants,£49.46,16,2,0
5ceb951f629700a2,Burning,£28.81,16,3,0
bee3672891cca906,Call the Nurse: True Stories of a Country Nurse on a Scottish Isle,£29.14,16,5,0
7b599c8bfcdd8d30,Camp Midnight,£17.08,16,4,0
8754c83ab2a7ae71,"Codename Baboushka, Volume 1: The Conclave of Death",£36.72,16,4,0
7267864328ae8b9d,Crown of Midnight (Throne of Glass #2),£43.29,16,3,0
09b6cc87e62c2c58,Danganronpa Volume 1,£51.99,16,4,0
fce19f9b4a943f22,"Don't Be a Jerk: And Other Practical Advice from Dogen, Japan's Greatest Zen Master",£37.97,16,2,0
311c0dd0e354a33e,Everydata: The Misinformation Hidden in the Little Data You Consume Every Day,£54.35,16,2,0
7add3f8e49ec0826,Fifty Shades Darker (Fifty Shades #2),£21.96,16,1,0
9e28048cea8d41f7,First and First (Five Boroughs #3),£15.97,16,4,0
9beb96a2300109d7,Forever and Forever: The Courtship of Henry Longfellow and Fanny Appleton,£29.69,16,3,0
f2df3bb043a8abb0,"Giant Days, Vol. 2 (Giant Days #5-8)",£22.11,16,2,0
2a97cffe61c3c4c7,Her Backup Boyfriend (The Sorensen Family #1),£33.97,16,1,0
a6f99b9e687f9d46,How to Be Miserable: 40 Strategies You Already Use,£46.03,16,1,0
1c89ae5bb804e4de,I am a Hero Omnibus Volume 1,£54.63,16,3,0
38d45839cb1c83c1,Algorithms to Live By: The Computer Science of Human Decisions,£30.81,16,1,0
f5a92cff83897d48,The Stranger,£17.44,15,4,0
3bebf34ee9330cbd,The Third Wave: An Entrepreneur’s Vision of the Future,£12.61,15,5,0
fd3a622648667296,The Vacationers,£42.15,15,4,0
623e1a180426039b,The Wedding Dress,£24.12,15,1,0
bc2a85fd35fdc7bd,Thirteen Reasons Why,£52.72,15,1,0
37c0cb19713d8dda,The White Cat and the Monk: A Retelling of the Poem “Pangur Bán”,£58.08,15,4,0
de3f25248ba0789f,Thomas Jefferson and the Tripoli Pirates: The Forgotten War That Changed American History,£59.64,15,1,0
11809b1d323b3057,orange: The Complete Collection 1 (orange: The Complete Collection #1),£48.41,16,1,0
590a9cccf7db9f7d,Throne of Glass (Throne of Glass #1),£35.07,15,3,0
d7d6d50c1e3d0b81,Tracing Numbers on a Train,£41.60,15,3,0
9270575728a13a61,"William Shakespeare's Star Wars: Verily, A New Hope (William Shakespeare's Star Wars #4)",£43.30,15,4,0
b8736690cf263a3c,Tuesday Nights in 1980,£21.04,15,2,0
796c87ddbbaaf8c5,You Are What You Love: The Spiritual Power of Habit,£21.87,15,4,0
e4ac92d89b946781,(Un)Qualified: How God Uses Broken People to Do Big Things,£54.00,16,5,0
01d2001ac1e6f8a3,A Court of Thorns and Roses (A Court of Thorns and Roses #1),£52.37,16,1,0
842790dfaa937484,A Fierce and Subtle Poison,£28.13,16,4,0
3a6fb983e2554023,A Flight of Arrows (The Pathfinders #2),£55.53,16,5,0
f733e8c19d40ec2e,A Murder in Time,£16.64,16,1,0
8a380641491d43ed,"A Piece of Sky, a Grain of Rice: A Memoir in Four Meditations",£56.76,16,5,0
70ed59f194b3c556,A World of Flavor: Your Gluten Free Passport,£42.95,16,1,0
8d4eefad7a2b3915,"I Hate Fairyland, Vol. 1: Madly Ever After (I Hate Fairyland (Compilations) #1-5)",£29.17,16,2,0
e4f74c16de34d440,Immunity: How Elie Metchnikoff Changed the Course of Modern Medicine,£57.36,16,5,0
7392c0032f92d816,"Political Suicide: Missteps, Peccadilloes, Bad Calls, Backroom Hijinx, Sordid Pasts, Rotten Breaks, and Just Plain Dumb Mistakes in the Annals of American Politics",£36.28,16,2,0
2dbb7ec08cdd7f3c,The Glittering Court (The Glittering Court #1),£44.28,15,1,0
d6670dfe3e7b42bd,The Emerald Mystery,£23.15,15,2,0
96a38e7c813d8f1d,The Cookies & Cups Cookbook: 125+ sweet & savory recipes reminding you to Always Eat Dessert First,£41.25,15,1,0
42d0d7c92b75fc1c,The Genius of Birds,£17.24,15,1,0
e956d67c9bcc5809,The Girl on the Train,£55.02,15,2,0
9287e238d7c3b06e,The House by the Lake,£36.95,15,1,0
eac1a180047ad54e,The Kite Runner,£41.82,15,4,0
abeafe151a587d3b,The Long Shadow of Small Ghosts: Murder and Memory in an American City,£10.97,15,1,0
e28e330cbdf01126,The Love and Lemons Cookbook: An Apple-to-Zucchini Celebration of Impromptu Cooking,£37.60,15,2,0
08db62f24627e71f,The Matchmaker's Playbook (Wingmen Inc. #1),£55.85,15,1,0
99ff4cc6491e8f5c,The Mistake (Off-Campus #2),£43.29,15,3,0
209adad1015af86f,The Omnivore's Dilemma: A Natural History of Four Meals,£38.21,15,2,0
e4c7f3487d17fd42,The Nerdy Nummies Cookbook: Sweet Treats for the Geek in All of Us,£37.34,15,5,0
8ec14b1576cb7cb5,The Power of Now: A Guide to Spiritual Enlightenment,£43.54,15,2,0
790ef197c8f236f5,The Project,£10.65,15,1,0
e98a4efa85070c2f,The Psychopath Test: A Journey Through the Madness Industry,£36.00,15,2,0
0651062381f0636a,The Regional Office Is Under Attack!,£51.36,15,5,0
961f18db4f138211,The Secret (The Secret #1),£27.37,15,4,0
d6361d16212664ed,The Shadow Hero (The Shadow Hero),£33.14,15,1,0
a40723994f715420,Mrs. Houdini,£30.25,15,5,0
cfeb1e1e0e695b58,Night Sky with Exit Wounds,£41.05,15,1,0
31001a1210623bd4,Poems That Make Grown Women Cry,£14.19,15,4,0
50b8f80311b31ede,"Nightingale, Sing",£38.28,15,1,0
b53db2271c9624f7,Redeeming Love,£20.47,15,5,0
d9c643fa1fc57bdb,Poses for Artists Volume 1 - Dynamic and Sitting Poses: An Essential Reference for Figure Drawing and the Human Form,£41.06,15,1,0
e656e280bc8edd56,Romero and Juliet: A Tragic Tale of Love and Zombies,£36.94,15,1,0
1c929cfd16b71907,Scarlett Epstein Hates It Here,£43.55,15,5,0
ad04ad9fc179fc5d,Secrets and Lace (Fatal Hearts #1),£20.27,15,1,0
c7b5183f4d1d4efe,The Murder of Roger Ackroyd (Hercule Poirot #4),£44.10,15,4,0
0c27e6c3744fc14b,"Shobu Samurai, Project Aryoku (#3)",£29.06,15,3,0
2a70769cdc6eb8b8,Soft Apocalypse,£26.12,15,2,0
ca71e72655bece85,Something More Than This,£16.24,15,4,0
56e4f9eab2e8e674,The 10% Entrepreneur: Live Your Startup Dream Without Quitting Your Day Job,£27.55,15,3,0
203b7f94b7d6115f,Suddenly in Love (Lake Haven #1),£55.99,15,2,0
c99761a700ade23f,The Argonauts,£10.93,15,2,0
46c1530d7546ea6d,"Deliciously Ella Every Day: Quick and Easy Recipes for Gluten-Free Snacks, Packed Lunches, and Simple Meals",£42.16,15,3,0
3a11bb962ff45b78,Doing It Over (Most Likely To #1),£35.61,15,3,0
f6d967cdadc6fbd9,Done Rubbed Out (Reightman & Bailey #1),£37.72,15,5,0
6ffb36aaeff1c81e,Drive: The Surprising Truth About What Motivates Us,£34.95,15,4,0
65d034adf80834b7,"Fables, Vol. 1: Legends in Exile (Fables #1)",£41.62,15,4,0
29c0025455f8c585,Eureka Trivia 6.0,£54.59,15,4,0
edb3097e71330040,Finders Keepers (Bill Hodges Trilogy #2),£53.53,15,5,0
8585760646e3aa2a,Follow You Home,£21.36,15,1,0
0e0dcc3339602b28,Shoe Dog: A Memoir by the Creator of NIKE,£23.99,15,2,0
2f88b08bf0a0e367,First Steps for New Christians (Print Edition),£29.00,15,1,0
1b33663ad7b95fd8,So You've Been Publicly Shamed,£12.23,15,2,0
116a2fdc9a45bab0,Frostbite (Vampire Academy #2),£29.99,15,5,0
ce60436f52c5ee68,Full Moon over Noah’s Ark: An Odyssey to Mount Ararat and Beyond,£49.43,15,4,0
fd8585283fc7d2d7,I Had a Nice Time And Other Lies...: How to find love & sh*t like that,£57.36,15,4,0
4ce91d31c1e57c33,Hollow City (Miss Peregrine’s Peculiar Children #2),£42.98,15,1,0
3fb15ace50d6142b,Wild Swans,£14.36,14,2,0
2b5054a4192e9b06,Why the Right Went Wrong: Conservatism--From Goldwater to the Tea Party and Beyond,£52.65,14,4,0
047097293bb4d1c0,"Wonder Woman: Earth One, Volume One (Wonder Woman: Earth One #1)",£37.34,14,4,0
024387ca4cafd5cc,You (You #1),£43.61,14,5,0
dd5bfa6cc2c0ecc3,Zealot: The Life and Times of Jesus of Nazareth,£24.70,14,3,0
d195e7f4ed697350,Agnostic: A Spirited Manifesto,£12.51,15,5,0
bb8245f52c7cce8f,Amid the Chaos,£36.58,15,1,0
ffd54178acc9a6a5,Amatus,£50.54,15,5,0
7ebfa6c1bee69e1e,Amy Meets the Saints and Sages,£18.46,15,3,0
d24b829be2ca81c4,Anonymous,£46.82,15,4,0
05f7c6d9a4e582d3,Ayumi's Violin,£15.48,15,2,0
47271d8e08b5d31c,Batman: The Dark Knight Returns (Batman),£15.38,15,5,0
3f69e667a67e54d9,Beauty Restored (Riley Family Legacy Novellas #3),£11.11,15,2,0
d163dd6c352fbcd2,Grumbles,£22.16,15,2,0
7edc0527cf782e19,Batman: The Long Halloween (Batman),£36.50,15,2,0
919e7cb2269a25d2,Becoming Wise: An Inquiry into the Mystery and Art of Living,£27.43,15,2,0
1f329c2e7d7de8bd,Big Magic: Creative Living Beyond Fear,£30.80,15,3,0
513271dadc1322ae,Chasing Heaven: What Dying Taught Me About Living,£37.80,15,2,0
a57b1dcbd6849222,Close to You,£49.46,15,4,0
3b9a3b4624b7fd6d,"Daring Greatly: How the Courage to Be Vulnerable Transforms the Way We Live, Love, Parent, and Lead",£19.43,15,3,0
e88fb1c9397cfb27,The Song of Achilles,£37.40,14,5,0
012094e90a4b908d,The Rosie Project (Don Tillman #1),£54.04,14,1,0
00c4543ec6bd25b4,The Songs of the Gods,£44.48,14,5,0
1528279aec1f3dce,The Star-Touched Queen,£46.02,14,5,0
081305e6df719dff,The Testament of Mary,£52.67,14,4,0
c5cb9f885d8b3621,The Wedding Pact (The O'Malleys #2),£32.61,14,3,0
6875c5657661b2fb,The White Queen (The Cousins' War #1),£25.91,14,5,0
08b2f71d93836313,The Wright Brothers,£56.80,14,4,0
34c0d7c4ee5650af,The Year of Magical Thinking,£43.04,14,2,0
f0f38174a7e689a3,This Is Where It Ends,£27.12,14,2,0
6e44bcbeac7f4360,Through the Woods,£25.38,14,2,0
1d6443ffba9dfd80,Twenty Yawns,£22.08,14,2,0
76c84daa539426e2,"Unbroken: A World War II Story of Survival, Resilience, and Redemption",£45.95,14,2,0
aba2db9afb1469c7,Until Friday Night (The Field Party #1),£46.31,14,2,0
4a1debca3135ff37,V for Vendetta (V for Vendetta Complete),£37.10,14,4,0
6a31307a81e8f3a8,Walt Disney's Alice in Wonderland,£12.96,14,5,0
92275cedf6d8ee15,"We Are Robin, Vol. 1: The Vigilante Business (We Are Robin #1)",£53.90,14,1,0
6fd646a334e6e133,What's It Like in Space?: Stories from Astronauts Who've Been There,£19.60,14,2,0
e9906e2f0d189745,The Time Keeper,£27.88,14,5,0
2d1e337aaf341858,Tastes Like Fear (DI Marnie Rome #3),£10.69,14,1,0
0c7b9cf2b7662b65,That Darkness (Gardiner and Renner #1),£13.92,14,1,0
1b8187fa4bf6ab05,The 14th Colony (Cotton Malone #11),£39.24,14,1,0
923831a05c9f91f7,The Bad-Ass Librarians of Timbuktu: And Their Race to Save the World’s Most Precious Manuscripts,£15.77,14,1,0
6edacfd1f8ebb9eb,The Darkest Lie,£35.35,14,5,0
dc6f688b82e42a5b,The Bane Chronicles (The Bane Chronicles #1-11),£44.73,14,4,0
3d76bc83c6b644c9,The Dovekeepers,£48.78,14,1,0
a86972014275e072,The First Hostage (J.B. Collins #2),£25.85,14,3,0
847935fc68707426,The Guilty (Will Robie #4),£13.82,14,2,0
992974ba6a0536ea,The Hidden Oracle (The Trials of Apollo #1),£52.26,14,2,0
f72f61ad6a5f12ed,The Immortal Life of Henrietta Lacks,£40.67,14,2,0
3bc89353f7e3a3cc,The Last Mile (Amos Decker #2),£54.21,14,2,0
2c04320e110a14a3,Take Me with You,£45.21,14,3,0
71e36f33981ddb74,"Naruto (3-in-1 Edition), Vol. 14: Includes Vols. 40, 41 & 42 (Naruto: Omnibus #14)",£38.39,14,2,0
132ec5e8c984adef,No Dream Is Too High: Life Lessons From a Man Who Walked on the Moon,£21.95,14,2,0
e34efcc824685332,Once Was a Time,£18.28,14,2,0
02b74068fa98d8a4,Old School (Diary of a Wimpy Kid #10),£11.83,14,5,0
4881cc53f6c8892f,The Literature Book (Big Ideas Simply Explained),£17.43,14,3,0
8ecf0356a3878811,"Overload: How to Unplug, Unwind, and Unleash Yourself from the Pressure of Stress",£52.15,14,3,0
af58a74e4b2a23a0,Pet Sematary,£10.56,14,3,0
aa35446aab16017f,"Quarter Life Poetry: Poems for the Young, Broke and Hangry",£50.89,14,5,0
a6454e329f872b78,Rain Fish,£23.57,14,3,0
86cbddb61ea78bb7,salt.,£46.78,14,4,0
85b2176b3b194030,Robin War,£47.82,14,3,0
31e2e2d9cca3778f,"Red Hood/Arsenal, Vol. 1: Open for Business (Red Hood/Arsenal #1)",£25.48,14,2,0
f9705c362f070608,See America: A Celebration of Our National Parks & Treasured Sites,£48.87,14,3,0
ddc8340dabc8641b,The Help Yourself Cookbook for Kids: 60 Easy Plant-Based Recipes Kids Can Make to Stay Healthy and Save the Earth,£28.77,14,3,0
830fb3967c74866d,Shtum,£55.84,14,4,0
6b6cd77fbc91b7a6,"Hush, Hush (Hush, Hush #1)",£47.02,14,3,0
fbb21a2f71f4d981,"Hyperbole and a Half: Unfortunate Situations, Flawed Coping Mechanisms, Mayhem, and Other Things That Happened",£14.75,14,5,0
aeff7b87a8e83ebb,I Am Pilgrim (Pilgrim #1),£10.60,14,4,0
b8a8ff84233f0570,I Know What I'm Doing -- and Other Lies I Tell Myself: Dispatches from a Life Under Construction,£25.98,14,4,0
2b52334fab158861,Island of Dragons (Unwanteds #7),£29.65,14,1,0
245e6bf08b8d2955,"It's All Easy: Healthy, Delicious Weeknight Meals in under 30 Minutes",£19.55,14,1,0
708345c9897fd7c5,Lady Midnight (The Dark Artifices #1),£16.28,14,5,0
1174156c4a0eccaa,Let It Out: A Journey Through Journaling,£26.79,14,5,0
24af96df0bafb925,Looking for Lovely: Collecting the Moments that Matter,£29.14,14,5,0
17fb5a88180f9904,"Living Leadership by Insight: A Good Leader Achieves, a Great Leader Builds Monuments",£46.91,14,4,0
adb5f51c2e2ab13f,Love Is a Mix Tape (Music #1),£18.03,14,1,0
d512871626a5e588,Luckiest Girl Alive,£49.83,14,3,0
a10c7515834240f3,Lowriders to the Center of the Earth (Lowriders in Space #2),£51.51,14,2,0
5b43cae640f2338a,Luis Paints the World,£53.95,14,3,0
b96fc7a0ea7d4b45,Made to Stick: Why Some Ideas Survive and Others Die,£38.85,14,5,0
47d47155e89c8be7,More Than Music (Chasing the Dream #1),£37.61,14,2,0
caa2e5b3fb1b2d4c,Mr. Mercedes (Bill Hodges Trilogy #1),£28.90,14,1,0
137b0b2775701e11,My Kind of Crazy,£40.36,14,1,0
0b165bd4b9f42fd5,Hold Your Breath (Search and Rescue #1),£28.82,14,1,0
cc82685d9f49bc2c,My Mrs. Brown,£24.48,14,3,0
727bf2b86b19ad88,My Name Is Lucy Barton,£41.56,14,1,0
28cf0d1c51b491e5,Cometh the Hour (The Clifton Chronicles #6),£25.01,14,3,0
0e94a089328be4bc,Daily Fantasy Sports,£36.58,14,1,0
4b9d9cfe0f435788,Crazy Love: Overwhelmed by a Relentless God,£47.72,14,2,0
94a958ea126cdcd5,Dear Mr. Knightley,£11.21,14,5,0
3c6fe637a0180b01,Demigods & Magicians: Percy and Annabeth Meet the Kanes (Percy Jackson & Kane Chronicles Crossover #1-3),£37.51,14,5,0
bf5de316a5e9a4ab,Doctor Sleep (The Shining #2),£40.12,14,2,0
ad2887ce04583910,Don't Get Caught,£55.35,14,1,0
047dfa57ba0bf638,"Eat Fat, Get Thin",£54.07,14,2,0
a01f6d368ef64dc5,"Eaternity: More than 150 Deliciously Easy Vegan Recipes for a Long, Healthy, Satisfied, Joyful Life",£51.75,14,5,0
1d6dd0c87d90fe92,Eight Hundred Grapes,£14.39,14,4,0
27c5968fe43cc06e,El Deafo,£57.62,14,5,0
a2bd4ca82d908442,Every Last Word,£46.47,14,3,0
ac4dde0d1be05de0,"Far & Away: Places on the Brink of Change: Seven Continents, Twenty-Five Years",£15.06,14,4,0
9194ae88379dbf1a,Feathers: Displays of Brilliant Plumage,£49.05,14,3,0
de4b403cb629a29f,Glory over Everything: Beyond The Kitchen House,£45.84,14,3,0
ad41c24ccac0c7ce,Angels & Demons (Robert Langdon #1),£51.48,14,3,0
1fbb5f786e53a0ce,Angels Walking (Angels Walking #1),£34.20,14,2,0
41164b8ac02a2c42,Aristotle and Dante Discover the Secrets of the Universe (Aristotle and Dante Discover the Secrets of the Universe #1),£58.14,14,4,0
9b65f676984c9f0c,Balloon Animals,£17.03,14,3,0
ffdc825785c0ede8,Art Ops Vol. 1,£48.80,14,3,0
0e0da9192a025efc,Barefoot Contessa at Home: Everyday Recipes You'll Make Over and Over Again,£50.62,14,5,0
bf68dcb5fad3cc8c,Batman: Europa,£32.01,14,2,0
999912e63a3262ae,Barefoot Contessa Back to Basics,£28.01,14,1,0
16ef91b9d827859c,Buying In: The Secret Dialogue Between What We Buy and Who We Are,£37.80,14,4,0
a80f66b254fe9eb3,Brain on Fire: My Month of Madness,£49.32,14,5,0
5f22418922fa728b,Carrie,£46.23,14,2,0
9eaf58b03a2779cc,Eligible (The Austen Project #4),£27.09,14,3,0
1b0fc9f777cad045,"Carry On, Warrior: Thoughts on Life Unarmed",£31.85,14,3,0
e2e7b683b4c15b7d,Catching Jordan (Hundred Oaks),£50.83,14,3,0
bfbb54bc8cdeed2b,Cell,£20.29,14,4,0
5b987e54ee72525c,City of Bones (The Mortal Instruments #1),£43.28,14,1,0
ce1ae197ada2aec4,The Silent Sister (Riley MacPherson #1),£46.29,12,5,0
4a7a25be293ad678,The Star-Touched Queen,£32.30,12,5,0
eec424a84c9e4c68,God: The Most Unpleasant Character in All Fiction,£30.03,14,5,0
148715df5a02ea5e,Tipping Point for Planet Earth: How Close Are We to the Edge?,£37.55,12,1,0
077b635ff2afc578,Will You Won't You Want Me?,£13.86,12,3,0
4be9d1910f8a4e80,13 Hours: The Inside Account of What Really Happened In Benghazi,£27.06,13,1,0
8bbd7df8a324f31d,My Kitchen Year: 136 Recipes That Saved My Life,£11.53,13,2,0
44d97b6707dae3f0,Rook,£37.86,13,4,0
2f0213137a80d485,Searching for Meaning in Gailana,£38.73,13,1,0
6e8e5626ac4d279e,1491: New Revelations of the Americas Before Columbus,£21.80,14,3,0
ac5e0d3938caf686,"The Three Searches, Meaning, and the Story",£13.33,13,3,0
01a177623cce9596,A Brush of Wings (Angels Walking #3),£55.51,14,1,0
d5e0526e1ab682a3,A Distant Mirror: The Calamitous 14th Century,£14.58,14,3,0
8682c03de6a844ff,A Man Called Ove,£39.72,14,1,0
c1379d3744f1dd2c,"A Series of Catastrophes and Miracles: A True Story of Love, Science, and Cancer",£56.48,14,2,0
1ad06aed9349af46,A People's History of the United States,£40.79,14,2,0
8a6ec2761f91dad2,City of Ashes (The Mortal Instruments #2),£47.27,14,1,0
63ee5bc46066a8a8,A Study in Scarlet (Sherlock Holmes #1),£16.73,14,2,0
b978c9852cde91bd,How to Speak Golf: An Illustrated Guide to Links Lingo,£58.32,12,5,0
9546d537fbf99eb6,"Love, Lies and Spies",£20.55,12,2,0
e7fe3bf2768602cf,Murder at the 42nd Street Library (Raymond Ambler #1),£54.36,12,4,0
c039f5aceb093537,Most Wanted,£35.28,12,3,0
db84624b151cbe06,No Love Allowed (Dodge Cove #1),£54.65,12,4,0
abdd91e96515a617,Poisonous (Max Revere Novels #3),£26.80,12,3,0
81ef44fcc5f454df,One with You (Crossfire #5),£15.71,12,4,0
b8d7b3f5c7a95d65,Psycho: Sanitarium (Psycho #1.5),£36.97,12,5,0
8976d9161c027142,Quench Your Own Thirst: Business Lessons Learned Over a Beer or Two,£43.14,12,1,0
ebf81a62e4798fd1,Raspberry Pi Electronics Projects for the Evil Genius,£49.67,12,4,0
f40fea200e0c644f,Snatched: How A Drug Queen Went Undercover for the DEA and Was Kidnapped By Colombian Guerillas,£21.21,12,3,0
b63ea3f7a57ae099,Stars Above (The Lunar Chronicles #4.5),£48.05,12,2,0
64fd010bf8d15096,The Children,£11.88,12,3,0
54fc03f1e1d355db,The Diary of a Young Girl,£59.90,12,3,0
c6ca293d4810e0d5,The Dinner Party,£56.54,12,2,0
f732d7d18a91d2ba,The Epidemic (The Program 0.6),£14.44,12,5,0
235fa48eeed11d82,The Golden Condom: And Other Essays on Love Lost and Found,£39.43,12,1,0
3063c7e95d0bf76f,The Gray Rhino: How to Recognize and Act on the Obvious Dangers We Ignore,£59.15,12,4,0
4416c474713ec1f5,A Time of Torment (Charlie Parker #14),£48.35,14,5,0
cf1aa2fc02a7d1e0,Abstract City,£56.37,14,5,0
582a21a1dbbef3cf,The Lonely City: Adventures in the Art of Being Alone,£33.26,12,2,0
14e44163678e24dc,The Midnight Watch: A Novel of the Titanic and the Californian,£26.20,12,1,0
5319169a72714c62,"Adulthood Is a Myth: A ""Sarah's Scribbles"" Collection",£10.90,14,2,0
39861fc1c0845d15,All the Light We Cannot See,£29.87,14,5,0
b783ce08802cd1d1,Off the Hook (Fishing for Trouble #1),£47.67,11,3,0
05a61a3bd8ca4149,Playing with Fire,£13.71,11,3,0
b06599b108e83f98,"Setting the World on Fire: The Brief, Astonishing Life of St. Catherine of Siena",£21.15,11,2,0
cf62fa272b5f0fa3,Take Me Home Tonight (Rock Star Romance #3),£53.98,11,3,0
f435aa99d864077d,Sleeping Giants (Themis Files #1),£48.74,11,1,0
437d8dea9272d0a9,The Improbability of Love,£59.45,11,1,0
985991708c47003e,"The Sleep Revolution: Transforming Your Life, One Night at a Time",£11.68,11,4,0
515cb8fcafb1ad98,Troublemaker: Surviving Hollywood and Scientology,£48.39,11,2,0
6159d8b187831770,The Widow,£27.26,11,2,0
a4eef523118805ef,"A la Mode: 120 Recipes in 60 Pairings: Pies, Tarts, Cakes, Crisps, and More Topped with Ice Cream, Gelato, Frozen Custard, and More",£38.77,12,1,0
63343e287971bb0c,A Paris Apartment,£39.01,12,4,0
49b24c6a41b82bd2,Boar Island (Anna Pigeon #19),£59.48,12,3,0
1c584f82a7a1c4f0,The Art of Startup Fundraising,£21.00,11,3,0
d069086944f2e330,Can You Keep a Secret? (Fear Street Relaunch #4),£48.64,12,1,0
df7e628bad5782b4,Dirty (Dive Bar #1),£40.83,12,4,0
76319fe9d8b465a3,Everyday Italian: 125 Simple and Delicious Recipes,£20.10,12,5,0
6983328f15506cb9,Eleanor & Park,£56.51,12,5,0
3968e3fbf4695d7c,Equal Is Unfair: America's Misguided Fight Against Income Inequality,£56.86,12,1,0
c6a29d6df8de968c,Furiously Happy: A Funny Book About Horrible Things,£41.46,12,4,0
bddc6fd036eb6279,Hide Away (Eve Duncan #20),£11.84,12,1,0
1e264c677d4ee4ae,City of Fallen Angels (The Mortal Instruments #4),£11.23,14,4,0
96aa539bfd4c07e2,10-Day Green Smoothie Cleanse: Lose Up to 15 Pounds in 10 Days!,£49.71,10,5,0
a9d7b75461084a26,11/22/63,£48.48,11,3,0
34669b2e9d407d3a,"10% Happier: How I Tamed the Voice in My Head, Reduced Stress Without Losing My Edge, and Found Self-Help That Actually Works",£24.57,10,2,0
40c4bf520c17de54,A Gentleman's Position (Society of Gentlemen #3),£14.75,11,5,0
2b69dec0193511d9,A Mother's Reckoning: Living in the Aftermath of Tragedy,£19.53,11,3,0
bb967277222e689c,Adultery,£20.88,11,5,0
2c34f9432069b52b,Arena,£21.36,11,4,0
2587c54f5530dafc,Cravings: Recipes for What You Want to Eat,£20.50,11,3,0
816180220e8cb419,Born for This: How to Find the Work You Were Meant to Do,£21.59,11,5,0
f608c903c451f387,Daredevils,£16.34,11,3,0
c65c25d990fc7025,"Exit, Pursued by a Bear",£51.34,11,4,0
b5953ca1f8a0b8d7,Grey (Fifty Shades #4),£48.49,11,4,0
ce8666d9b42fc9a0,It Didn't Start with You: How Inherited Family Trauma Shapes Who We Are and How to End the Cycle,£56.27,11,3,0
20dc4f1ac5d4fd9c,Keep Me Posted,£20.46,11,4,0
825d6c44da3ca5a6,Lab Girl,£40.85,11,1,0
469508882dfc1991,Lies and Other Acts of Love,£45.14,11,1,0
bade9943ee01b63f,Lilac Girls,£17.28,11,2,0
5569c3fea112718e,M Train,£27.18,11,1,0
28b2df9fadc9f07e,"Mother, Can You Not?",£16.89,11,5,0
e845d305f64154f1,Don't Forget Steven,£33.23,9,1,0
7e9068872228c474,Dress Your Family in Corduroy and Denim,£43.68,9,3,0
97187f5cf0385da3,"Fruits Basket, Vol. 9 (Fruits Basket #9)",£33.95,9,4,0
8fab4c4f6f82a4ce,If I Gave You God's Phone Number....: Searching for Spirituality in America,£20.91,9,1,0
6baac632f7711e26,Modern Day Fables,£47.44,9,2,0
ee6c67859d70186b,"NaNo What Now? Finding your editing process, revising your NaNoWriMo book and building a writing career through publishing and beyond",£10.41,9,4,0
913e7109cec0cb4c,Nap-a-Roo,£25.08,9,1,0
0e095ed785af7e43,Suzie Snowflake: One beautiful flake (a self-esteem story),£54.81,9,5,0
e77594ece9b9d1fe,The Alien Club,£54.40,9,1,0
3f25a2fedae191cc,The Book of Mormon,£24.57,9,3,0
f9c87ccb2bc4853b,The Art and Science of Low Carbohydrate Living,£52.98,9,5,0
33396269bcce166f,The Flowers Lied,£16.68,9,2,0
ca74f2e3c35a3e77,"The Fabric of the Cosmos: Space, Time, and the Texture of Reality",£55.91,9,1,0
65cfc9f242c2984a,"The Moosewood Cookbook: Recipes from Moosewood Restaurant, Ithaca, New York",£12.34,9,4,0
4b50fb1359ebf35d,The New Brand You: Your New Image Makes the Sale for You,£44.05,9,5,0
903a9f8090104c2c,The Shack,£28.03,9,1,0
0967effecd292a86,Underlying Notes,£11.82,9,2,0
4fd0a2a350f016e6,Unlimited Intuition Now,£58.87,9,4,0
d1848064c54e01c7,Watchmen,£58.05,9,4,0
ab60e6f5a63e1cfb,Without Shame,£48.27,9,5,0
966ebb738e0f9d9b,City of Glass (The Mortal Instruments #3),£56.02,14,4,0
47e1b2d43f709995,Mothering Sunday,£13.34,11,2,0
42b0c50fc44140ec,Clockwork Angel (The Infernal Devices #1),£44.14,14,1,0
33a3e0e3ffde0dcd,Code Name Verity (Code Name Verity #1),£22.13,14,4,0
bee6e93e9976f4fa,Shadows of the Past (Logan Point #1),£39.67,8,5,0
e46a164cf310fd7d,Silence in the Dark (Logan Point #4),£58.33,8,3,0
a2308a936e898d48,The E-Myth Revisited: Why Most Small Businesses Don't Work and What to Do About It,£36.91,8,1,0
1bba4b1ba23ed2d6,The Grownup,£35.88,8,1,0
4f283dfcbeccc0d4,The High Mountains of Portugal,£51.15,8,1,0
9afd00e81d6208e6,The Martian (The Martian #1),£41.39,8,2,0
5a0d2e9284004266,"The Midnight Assassin: Panic, Scandal, and the Hunt for America's First Serial Killer",£28.45,8,4,0
331c26103d885cae,South of Sunshine,£28.93,8,1,0
3eec766dda26fa64,The New Drawing on the Right Side of the Brain,£43.02,8,3,0
e0bdd79c7304ee8d,The Unlikely Pilgrimage of Harold Fry (Harold Fry #1),£43.62,8,5,0
1809259a5a5f1d8d,Vagabonding: An Uncommon Guide to the Art of Long-Term World Travel,£36.94,8,2,0
b69c852e7e3956af,When Breath Becomes Air,£39.36,8,2,0
04f6c929888f4f11,Why Not Me?,£17.76,8,1,0
e77033ce559947f7,"Zero to One: Notes on Startups, or How to Build the Future",£34.06,8,3,0
61cf7eb9d2cd8bb0,23 Degrees South: A Tropical Tale of Changing Whether...,£35.79,9,2,0
c181ca8eabe7d18c,A Hero's Curse (The Unseen Chronicles #1),£50.49,9,3,0
63d5f1651880dcea,A Shard of Ice (The Black Symphony Saga #1),£56.63,9,3,0
a2475a245c9907c4,Smarter Faster Better: The Secrets of Being Productive in Life and Business,£38.89,8,5,0
8a150fd8ff5d7686,History of Beauty,£10.29,8,4,0
b7870fa6dc088fbb,Howl and Other Poems,£40.45,8,2,0
bbf1ea50be8008ab,I Will Find You,£44.21,8,1,0
0bfdef63285d3019,Hystopia: A Novel,£21.96,8,4,0
0ab4b35dcffcffd1,I'll Give You the Sun,£56.48,8,1,0
bd26e8a79a856c31,John Vassos: Industrial Design for Modern Life,£20.22,8,4,0
0cf57cb49272fd37,Kierkegaard: A Christian Missionary to Christians,£47.13,8,1,0
39eefec3a8498dde,Kill 'Em and Leave: Searching for James Brown and the American Soul,£45.05,8,5,0
29af1a2566c4e36e,Left Behind (Left Behind #1),£40.72,8,2,0
c44c5e1425475206,Les Fleurs du Mal,£29.04,8,5,0
044534b0b28b4e87,Living Forward: A Proven Plan to Stop Drifting and Get the Life You Want,£12.55,8,3,0
4d3a4c7b442a9a4e,"Love That Boy: What Two Presidents, Eight Road Trips, and My Son Taught Me About a Parent's Expectations",£25.06,8,2,0
bff270fe9c86a5a9,Miller's Valley,£58.54,8,2,0
4729afff3bea0f0a,Man's Search for Meaning,£29.48,8,3,0
9a7291b89bd5445c,My Life Next Door (My Life Next Door ),£36.39,8,5,0
4a823d80aa30dbb0,Please Kill Me: The Uncensored Oral History of Punk,£31.19,8,4,0
c0fc0cd215ee1724,Out of Print: City Lights Spotlight No. 14,£53.64,8,5,0
d56d0710668bb39c,Proofs of God: Classical Arguments from Tertullian to Barth,£54.21,8,1,0
52fc458ffc756faf,Rising Strong,£21.82,8,3,0
aeb51dfbe8aeec59,Roller Girl,£14.10,8,5,0
d6d9ffea95f2f8bf,Art and Fear: Observations on the Perils (and Rewards) of Artmaking,£48.63,9,4,0
7186241e043de5dc,Chernobyl 01:23:40: The Incredible True Story of the World's Worst Nuclear Disaster,£35.92,9,2,0
f201f263d8c23f97,Greek Mythic History,£10.23,14,5,0
afa829857f82f99e,Hamilton: The Revolution,£58.79,14,3,0
394f6d30cafc3edb,"So Cute It Hurts!!, Vol. 6 (So Cute It Hurts!! #6)",£35.43,14,4,0
0ff9d10864db8364,The Whale,£35.96,7,4,0
4a0b78598b42897a,The Year of Living Biblically: One Man's Humble Quest to Follow the Bible as Literally as Possible,£34.72,7,1,0
4242cc3d0437db12,Toddlers Are A**holes: It's Not Your Fault,£25.55,7,1,0
9735c969c652dd89,What Happened on Beale Street (Secrets of the South Mysteries #2),£25.37,7,5,0
48cb52d78c992487,Unreasonable Hope: Finding Faith in the God Who Brings Purpose to Your Pain,£46.33,7,2,0
b46d022080543144,Wildlife of New York: A Five-Borough Coloring Book,£22.14,7,2,0
88ec621893e595d0,You Are a Badass: How to Stop Doubting Your Greatness and Start Living an Awesome Life,£12.08,7,3,0
f16c2edb2a603f92,"""Most Blessed of the Patriarchs"": Thomas Jefferson and the Empire of the Imagination",£44.48,8,5,0
b1a227b7609ff263,32 Yolks,£53.63,8,2,0
fef91502cbacf23a,"A Murder Over a Girl: Justice, Gender, Junior High",£13.20,8,3,0
15ebd83e53d0391b,Being Mortal: Medicine and What Matters in the End,£55.06,8,4,0
04e3de7ac35ec5cd,Between the World and Me,£56.91,8,4,0
7f5157bf53065d36,Brilliant Beacons: A History of the American Lighthouse,£11.45,8,3,0
77e9ea355bd8ae57,Brazen: The Courage to Find the You That's Been Hiding,£19.22,8,2,0
a94350ee74deaa07,Under the Tuscan Sun,£37.33,7,3,0
e049d44c4f1cf1b2,Ender's Game (The Ender Quintet #1),£43.64,8,1,0
0c11e2d068768dbb,Diary of a Citizen Scientist: Chasing Tiger Beetles and Other New Ways of Engaging the World,£28.41,8,1,0
4dbd54d9e36c9566,Death by Leisure: A Cautionary Tale,£37.51,8,4,0
68008abf6409dfde,Playing from the Heart,£32.38,7,1,0
31c56c4d0fe19340,Raymie Nightingale,£34.41,7,2,0
8486f61aa81a3daa,"Rich Dad, Poor Dad",£51.74,7,1,0
7ffebdd1d5148aef,Sister Dear,£40.20,7,4,0
bd087cf6a846db75,"Sit, Stay, Love",£20.90,7,3,0
8776181be110838a,Steal Like an Artist: 10 Things Nobody Told You About Being Creative,£20.90,7,2,0
ba047a636b7d3793,Team of Rivals: The Political Genius of Abraham Lincoln,£20.12,7,5,0
5fbd03b1ac0a0e69,The 7 Habits of Highly Effective People: Powerful Lessons in Personal Change,£33.17,7,4,0
4b8fa561a1e52d1c,The Art Book,£32.34,7,2,0
20789fb17b423c4c,The Bachelor Girl's Guide to Murder (Herringford and Watts Mysteries #1),£52.30,7,5,0
d250657f0ebc5d73,The Bourne Identity (Jason Bourne #1),£42.78,7,4,0
24933c712f0bca2f,The Constant Princess (The Tudor Court #1),£16.62,7,3,0
7a10353c9c54cf7c,The Drowning Girls,£35.67,7,3,0
57f85720e54d6442,The Faith of Christopher Hitchens: The Restless Soul of the World's Most Notorious Atheist,£39.55,7,1,0
f935412970c9f58f,The Good Girl,£49.03,7,3,0
47f4fd3e8e1dac05,The Glass Castle,£16.24,7,1,0
a8dbf1c6b41b885a,The Great Gatsby,£36.05,7,4,0
a322361a37a78d3d,Blue Like Jazz: Nonreligious Thoughts on Christian Spirituality,£25.77,7,1,0
4781b6bfd6f7a2c5,"Chronicles, Vol. 1",£52.60,7,2,0
9639e89d20228e6e,"Shrunken Treasures: Literary Classics, Short, Sweet, and Silly",£52.87,7,3,0
4807043b8218e9ce,Counted With the Stars (Out from Egypt #1),£17.97,7,5,0
4e980425468708da,Delivering the Truth (Quaker Midwife Mystery #1),£20.89,7,4,0
4fa75fc6829431ca,Every Heart a Doorway (Every Heart A Doorway #1),£12.16,7,5,0
4e78f06160b717ac,Finding God in the Ruins: How God Redeems Pain,£46.64,7,2,0
2e40333991f56f45,For the Love: Fighting for Grace in a World of Impossible Standards,£45.13,7,3,0
de6d7645f192d517,"Fruits Basket, Vol. 7 (Fruits Basket #7)",£19.57,7,1,0
eff5710404e2ff78,How to Be a Domestic Goddess: Baking and the Art of Comfort Cooking,£28.25,7,2,0
2a9fcb3382d351c8,How to Cook Everything Vegetarian: Simple Meatless Recipes for Great Food (How to Cook Everything),£46.01,7,4,0
68407606544d6f22,John Adams,£57.43,7,4,0
4c82371b8cd02d4d,King's Folly (The Kinsman Chronicles #1),£39.61,7,5,0
b74ee891e2a6dd69,Leave This Song Behind: Teen Poetry at Its Best,£51.17,7,5,0
40cdcbb7692fd408,Life of Pi,£13.22,7,4,0
0345872b14f9e774,The Origin of Species,£10.01,7,4,0
c00bc29a678a6efb,Good in Bed (Cannie Shapiro #1),£37.05,7,5,0
b6670507e85b30e6,Like Never Before (Walker Family #2),£28.77,7,2,0
dac4b5847454fd9b,Memoirs of a Geisha,£49.67,7,3,0
5b546a46a86a9d8c,Benjamin Franklin: An American Life,£48.19,7,3,0
cb17945cb90b7837,The Fellowship of the Ring (The Lord of the Rings #1),£10.27,6,2,0
3d250ab0f12be445,The Collected Poems of W.B. Yeats (The Collected Works of W.B. Yeats #1),£15.42,6,5,0
2bc80eba94950873,The God Delusion,£46.85,6,3,0
48736df57e7bec9f,The Great Railway Bazaar,£30.54,6,1,0
72b5355dda190b6a,The Hobbit (Middle-Earth Universe),£17.80,6,5,0
eb7459e0c570251d,The Girl You Left Behind (The Girl You Left Behind #1),£15.79,6,1,0
d326e189b1210916,The Joy of Cooking,£43.27,6,4,0
e6635f5b0a2c78db,The Invention of Wings,£37.34,6,1,0
2efa5a839e62b1bd,The Makings of a Fatherless Child,£31.58,6,2,0
60376aa71be66083,The Man Who Mistook His Wife for a Hat and Other Clinical Tales,£59.45,6,4,0
2da5edf8b5776c9a,The Mysterious Affair at Styles (Hercule Poirot #1),£24.80,6,4,0
fd364afd082f5446,The Perks of Being a Wallflower,£55.02,6,3,0
774fa432bd7d9c47,The Rise and Fall of the Third Reich: A History of Nazi Germany,£39.67,6,2,0
5ba3d703d1ae0c1d,The Sound Of Love,£57.84,6,5,0
d1378a0ad06ff979,A Gathering of Shadows (Shades of Magic #2),£44.81,7,4,0
6c7fa6844380f50a,A Short History of Nearly Everything,£52.40,7,5,0
cc1936a9f4e93477,A Summer In Europe,£44.34,7,2,0
6b52904b2ab91bf6,"At The Existentialist Café: Freedom, Being, and apricot cocktails with: Jean-Paul Sartre, Simone de Beauvoir, Albert Camus, Martin Heidegger, Edmund Husserl, Karl Jaspers, Maurice Merleau-Ponty and others",£29.93,7,5,0
9e60929f521fa280,A Year in Provence (Provence #1),£56.88,6,4,0
46cb43c2ab133ccc,An Unquiet Mind: A Memoir of Moods and Madness,£21.30,6,3,0
faf841f81c52638b,Better Homes and Gardens New Cook Book,£39.61,6,3,0
f3c70d296ec796c4,Catherine the Great: Portrait of a Woman,£58.55,6,4,0
d33824cb93ecab6f,The Golden Compass (His Dark Materials #1),£18.77,6,1,0
4e3b183180e2a992,Deception Point,£40.32,6,4,0
97258f576d4bb672,"Fruits Basket, Vol. 6 (Fruits Basket #6)",£20.96,6,4,0
56a34d0cec11d6b0,Fun Home: A Family Tragicomic,£56.59,6,4,0
384c7d41d5ffe9d1,"Girl, Interrupted",£42.14,6,3,0
012170e4fc87ace0,Give It Back,£18.32,6,2,0
e792c0969cefe1b8,How to Stop Worrying and Start Living,£46.49,6,5,0
fe0f34ebed689381,In Cold Blood,£49.98,6,4,0
6958de044cb28a84,In the Woods (Dublin Murder Squad #1),£38.38,6,2,0
7a2b51f69e81c722,Me Before You (Me Before You #1),£19.02,6,1,0
f38f37ed934d84b2,Mere Christianity,£48.51,6,3,0
6d235933670503d9,Musicophilia: Tales of Music and the Brain,£46.58,6,1,0
fe7210553d56c097,The Expatriates,£44.58,5,2,0
a2a9f76339d21ab1,The False Prince (The Ascendance Trilogy #1),£56.00,5,5,0
3661360c99719414,The Fault in Our Stars,£47.22,5,1,0
ad84f18659e6bfe2,The Firm,£45.56,5,3,0
3213b1f13f5f0f7c,The Grand Design,£13.76,5,3,0
c4589ee5977a47be,The Hiding Place,£55.91,5,4,0
dfd9ff1f343cdaff,The Little Paris Bookshop,£24.73,5,3,0
0d210d2448c3018f,The Mathews Men: Seven Brothers and the War Against Hitler's U-boats,£42.91,5,5,0
93379e3a2072a01b,The Metamorphosis,£28.58,5,1,0
f701fae56b645ef7,The Power Greens Cookbook: 140 Delicious Superfood Recipes,£11.05,5,5,0
6e06d0f00f6da20f,"Death Note, Vol. 6: Give-and-Take (Death Note #6)",£36.39,6,3,0
e0b3a679b83caccc,The Raven Boys (The Raven Cycle #1),£57.74,5,4,0
2e4fc5eacceec12c,The Raven King (The Raven Cycle #4),£30.57,5,2,0
abbb492978ff656d,The Secret Garden,£15.08,5,4,0
bc209a900101f28d,This Is Your Brain on Music: The Science of a Human Obsession,£38.40,5,1,0
163d89116179c33f,What If?: Serious Scientific Answers to Absurd Hypothetical Questions,£53.68,5,4,0
3a7d54a264d9f33e,Two Summers,£14.64,5,1,0
60369d96b7b80869,Where She Went (If I Stay #2),£41.73,5,4,0
8dde2ff3f6fcc0a3,Killing Floor (Jack Reacher #1),£31.49,5,4,0
44f545727e704187,Kill the Boy Band,£15.52,5,5,0
07e6810fd3236bda,Last One Home (New Beginnings #1),£59.98,5,3,0
7093cf549cd2e7de,Logan Kade (Fallen Crest High #5.5),£13.12,5,2,0
5e1a88d248599768,Lola and the Boy Next Door (Anna and the French Kiss #2),£23.63,5,4,0
81c68492ccd72941,Maybe Something Beautiful: How Art Transformed a Neighborhood,£22.54,5,1,0
a4ce39a3720cd679,My Mother Was Nuts,£31.63,5,4,0
12a90b90283b2e6d,Mexican Today: New and Rediscovered Recipes for Contemporary Kitchens,£24.91,5,5,0
e958ae92f328c181,Red Dragon (Hannibal Lecter #1),£23.37,5,3,0
6036239d2ab349b7,Peak: Secrets from the New Science of Expertise,£16.28,5,2,0
59a8ae019b64f2a7,Shiver (The Wolves of Mercy Falls #1),£16.23,5,5,0
2973d38c2fbd7a5c,Remember Me?,£11.48,5,3,0
84bb29c53592ac40,Siddhartha,£34.22,5,5,0
1dba84766a5e87b8,Talking to Girls About Duran Duran: One Young Man's Quest for True Love and a Cooler Haircut,£25.15,5,4,0
50d5a7b861ed1c54,Tell Me Three Things,£41.81,5,1,0
b716233fcb6877e6,The 5th Wave (The 5th Wave #1),£11.83,5,2,0
84126312e2431a09,Tell the Wind and Fire,£45.51,5,3,0
b228042c088b1913,The Crossover,£38.77,5,4,0
fec06f52054ea900,The Dream Thieves (The Raven Cycle #2),£34.50,5,1,0
759ee7d059b1beb8,Why Save the Bankers?: And Other Essays on Our Economic and Political Crisis,£48.67,5,2,0
2e5b4ff08a75fd02,World Without End (The Pillars of the Earth #2),£32.97,5,4,0
e75f3ae1da1cc652,"Will Grayson, Will Grayson (Will Grayson, Will Grayson)",£47.31,5,4,0
720c36b2bee4692e,Pride and Prejudice,£19.27,6,4,0
8d8e9f9b8730eb25,Ship Leaves Harbor: Essays on Travel by a Recovering Journeyman,£30.60,6,3,0
2a1b3d967cda1da2,Tell the Wolves I'm Home,£50.96,6,2,0
add33db6ff80db24,America's War for the Greater Middle East: A Military History,£51.22,5,2,0
f36d24c309e87e5b,An Abundance of Katherines,£10.00,5,5,0
612369a5947a012e,Approval Junkie: Adventures in Caring Too Much,£58.81,5,5,0
b54d7416bb445989,Booked,£17.49,5,5,0
bcf567421c581f0a,"Data, A Love Story: How I Gamed Online Dating to Meet My Match",£32.35,5,3,0
1c0a38899c82b60a,"Death Note, Vol. 5: Whiteout (Death Note #5)",£52.41,5,1,0
94bb629a3f6dd00b,Digital Fortress,£58.00,5,5,0
e46b1074b99ac4b6,Dracula the Un-Dead,£35.63,5,5,0
d5ad4c92d8bf26c9,Drama,£38.70,5,2,0
429b4a811bef386c,Critique of Pure Reason,£20.75,5,1,0
ad5e078beceaeb4a,"Blue Lily, Lily Blue (The Raven Cycle #3)",£34.13,5,5,0
75cc85cdbe9ad46b,Evicted: Poverty and Profit in the American City,£42.27,5,1,0
b28c7d07afa7063b,Find Her (Detective D.D. Warren #8),£22.37,5,1,0
630e766f0a1987dd,Fool Me Once,£16.96,5,1,0
3fc124f59f3068e4,Foundation (Foundation (Publication Order) #1),£32.42,5,1,0
3fd83dcf37bf1bc0,"Fruits Basket, Vol. 5 (Fruits Basket #5)",£16.33,5,1,0
c4182bdb53e2459a,The Darkest Corners,£11.33,5,5,0
31f5bbf4974d29c9,Some Women,£13.73,4,5,0
8930013d06942df1,The Beast (Black Dagger Brotherhood #14),£46.08,4,5,0
df53c2948b32bde3,"The Demon Prince of Momochi House, Vol. 4 (The Demon Prince of Momochi House #4)",£27.88,4,2,0
9c4d061c1e2fe6bf,The Bone Hunters (Lexy Vaughan & Steven Macaulay #2),£59.71,4,3,0
ff2dffba388d9922,The Demonists (Demonist #1),£52.11,4,2,0
c65ee14957c0fa5c,The Geography of Bliss: One Grump's Search for the Happiest Places in the World,£28.23,4,2,0
6587f46697fc4443,The Hound of the Baskervilles (Sherlock Holmes #5),£14.82,4,2,0
6a57286a8890d8c5,The Jazz of Physics: The Secret Link Between Music and the Structure of the Universe,£38.71,4,3,0
6d2f70d9424f41a1,The Hunger Games (The Hunger Games #1),£29.85,4,5,0
011674f4a3834b8d,The Passion of Dolssa,£28.32,4,5,0
6053ddf69c967d5f,The Pilgrim's Progress,£50.26,4,2,0
d4de23aa98acc65b,The Shining (The Shining #1),£27.88,4,3,0
45033bdf3d9ed158,The Gunning of America: Business and the Making of American Gun Culture,£16.81,4,4,0
a8f4577a48023344,Vogue Colors A to Z: A Fashion Coloring Book,£52.35,4,4,0
89a89e76f3516357,A Clash of Kings (A Song of Ice and Fire #2),£10.79,5,3,0
03cbb67c0f990d87,A Game of Thrones (A Song of Ice and Fire #1),£46.42,5,2,0
9cc207168a03470d,The Perfect Play (Play by Play #1),£59.99,4,3,0
cf3b86489890b9f2,A Girl's Guide to Moving On (New Beginnings #2),£31.30,5,1,0
6c49258724f11770,Harry Potter and the Deathly Hallows (Harry Potter #7),£23.32,5,1,0
d9290e99f189ce84,Alight (The Generations Trilogy #2),£58.59,5,4,0
7284d85428305f5a,If I Stay (If I Stay #1),£38.13,5,5,0
8fff1084aa085a13,"Fruits Basket, Vol. 4 (Fruits Basket #4)",£50.44,4,4,0
5eff05e59f905a49,Girl With a Pearl Earring,£26.77,4,1,0
23310ce84d3c9f85,Gone with the Wind,£32.49,4,3,0
73f4f87dd936ee5c,Harry Potter and the Half-Blood Prince (Harry Potter #6),£48.75,4,5,0
ddbc5530d2939d49,God Is Not Great: How Religion Poisons Everything,£27.80,4,1,0
5a6b7155f2797537,Harry Potter and the Order of the Phoenix (Harry Potter #5),£31.63,4,4,0
eff24325e0ede639,Harry Potter and the Prisoner of Azkaban (Harry Potter #3),£24.17,4,4,0
ac337893a9fe0085,Harry Potter and the Sorcerer's Stone (Harry Potter #1),£13.90,4,3,0
c7c4f55b7321cba7,Harry Potter and the Chamber of Secrets (Harry Potter #2),£14.74,4,1,0
d219d4e325e6f204,I Know Why the Caged Bird Sings (Maya Angelou's Autobiography #1),£36.55,5,2,0
670a2773607d785d,It,£25.01,4,3,0
deda806b68b0aa11,Little Women (Little Women #1),£28.07,4,4,0
81d4191030b9704b,Misery,£34.79,4,2,0
5212c6acea3359e5,Mockingjay (The Hunger Games #3),£20.44,4,4,0
70b585c9d0f15725,Needful Things,£47.51,4,4,0
be3db344a845580b,We Are All Completely Beside Ourselves,£24.04,3,1,0
dab0196cd5fc8e5e,When You Are Engulfed in Flames,£30.89,3,5,0
07bb35158d9dd3d2,"Where'd You Go, Bernadette",£18.13,3,1,0
869d20b3b8128230,Night Shift (Night Shift #1-20),£12.75,4,4,0
3a95f5a2df4ff921,No One Here Gets Out Alive,£20.02,4,5,0
d30b9215c72cca87,Wild: From Lost to Found on the Pacific Crest Trail,£46.02,3,3,0
5d55202da0252627,World War Z: An Oral History of the Zombie War,£21.80,3,1,0
5a7ff9aaa3168878,Wuthering Heights,£17.73,3,3,0
6e9403f00acd6752,'Salem's Lot,£49.56,4,4,0
f2c8f4b4c94d5c5c,A Feast for Crows (A Song of Ice and Fire #4),£17.21,5,4,0
d12ca4020c2f602e,"A History of God: The 4,000-Year Quest of Judaism, Christianity, and Islam",£27.62,4,1,0
f6ae39568db1130e,A New Earth: Awakening to Your Life's Purpose,£55.65,4,5,0
aead11697d14ea36,A Walk to Remember,£56.43,4,1,0
78a4ac98191ac675,Atlas Shrugged,£26.58,4,5,0
1451b55e5e56bb89,Animal Farm,£57.22,4,3,0
634b7165c96ebb9f,Zero History (Blue Ant #3),£34.77,3,1,0
2798974abc8a58a8,Candide,£58.63,4,3,0
06bab964fd536971,We the People: The Modern-Day Figures Who Have Reshaped and Affirmed the Founding Fathers' Vision of America,£31.95,3,3,0
aaebac5fda798b1b,Changing the Game (Play by Play #2),£13.38,4,3,0
742702d662a71410,The Smitten Kitchen Cookbook,£23.59,3,1,0
49f24193f0b961e6,The Stand,£57.86,3,2,0
3d15714d4d3d15dd,The Thing About Jellyfish,£48.77,3,1,0
224fa77d4b248046,The Tipping Point: How Little Things Can Make a Big Difference,£10.02,3,2,0
2b685187f55c5d31,The Travelers,£15.77,3,1,0
813cff2aefa5d1f0,The Undomestic Goddess,£45.75,3,4,0
a33ed2e6068df53e,"The Wicked + The Divine, Vol. 3: Commercial Suicide (The Wicked + The Divine)",£14.41,3,3,0
75fed6a47f69859d,The Wild Robot,£56.07,3,3,0
719d72f3ee512dc6,"Thinking, Fast and Slow",£21.14,3,1,0
57f755143ee96fd4,Three-Martini Lunch,£23.21,3,3,0
2173a2ce35f6ace1,"Trespassing Across America: One Man's Epic, Never-Done-Before (and Sort of Illegal) Hike Across the Heartland",£53.51,3,1,0
8ebad30219b8679c,Twenties Girl,£42.80,3,2,0
b53078de0147f6bf,Twilight (Twilight #1),£41.93,3,2,0
61bc8167c9680283,Two Boys Kissing,£32.74,3,2,0
599a4f98bb193368,Under the Banner of Heaven: A Story of Violent Faith,£30.00,3,1,0
52aa3d79b1cee455,Very Good Lives: The Fringe Benefits of Failure and the Importance of Imagination,£50.66,3,3,0
b830685072fa871f,"Unstuffed: Decluttering Your Home, Mind, and Soul",£58.09,3,1,0
4672d10b9b1e7a05,Vegan Vegetarian Omnivore: Dinner for Everyone at the Table,£13.66,3,2,0
7feac4000cbc5859,Voyager (Outlander #3),£21.07,3,5,0
cf2f27fdf94ba20e,The Lonely Ones,£43.59,3,5,0
36c15687f5ab0f7c,The Lover's Dictionary,£58.09,3,2,0
4266f48a0aa1c37d,The Maze Runner (The Maze Runner #1),£20.93,3,1,0
0baf71623648413a,The Name of God is Mercy,£37.25,3,2,0
6263c1d2997b8ce0,The Nanny Diaries (Nanny #1),£52.53,3,5,0
3e42ac0f4d43320f,The New Guy (and Other Senior Year Distractions),£44.92,3,3,0
ee441c8e027caa66,The Obsession,£45.43,3,1,0
29d6d87f3418638b,The Nightingale,£26.26,3,4,0
0812f54c93d726ce,Can You Keep a Secret?,£21.94,4,1,0
b9f6305a3d650e2c,The Picture of Dorian Gray,£29.70,3,2,0
fa26798728f5208f,The Paris Wife,£36.80,3,3,0
0e7beedf0ee9380c,The Purpose Driven Life: What on Earth Am I Here for?,£37.19,3,3,0
969f6c7e86554814,The Purest Hook (Second Circle Tattoos #3),£12.25,3,1,0
3c456328b04a8ee8,The Red Tent,£35.66,3,5,0
e2d47e82c50d41d9,The Rest Is Noise: Listening to the Twentieth Century,£34.77,3,1,0
0e92ccf1bd39e68f,The Restaurant at the End of the Universe (Hitchhiker's Guide to the Galaxy #2),£10.92,3,1,0
f51062bf579507d9,The Demon-Haunted World: Science as a Candle in the Dark,£52.25,3,4,0
a6ab0cb7106a67f2,The Devil Wears Prada (The Devil Wears Prada #1),£44.29,3,1,0
63c0826ef59eae66,"The Disappearing Spoon: And Other True Tales of Madness, Love, and the History of the World from the Periodic Table of the Elements",£57.35,3,5,0
c6bf14cb901c63ac,"The Elegant Universe: Superstrings, Hidden Dimensions, and the Quest for the Ultimate Theory",£13.03,3,4,0
b3f2bc2cefb35f05,"The End of Faith: Religion, Terror, and the Future of Reason",£22.13,3,4,0
dd003e904727281a,The Exiled,£43.45,3,3,0
b22362b434e8ee62,The Day the Crayons Came Home (Crayons),£26.33,3,5,0
8f5d16a5a9bd58b2,The Girl Who Kicked the Hornet's Nest (Millennium Trilogy #3),£57.48,3,1,0
bfa9cb304075d3e8,The Girl Who Played with Fire (Millennium Trilogy #2),£22.14,3,2,0
92dcc54a27107a37,The Girl with All the Gifts,£49.47,3,3,0
c88422d8959260ab,The Goldfinch,£43.58,3,3,0
e2dac1f4739e0bd5,The Giver (The Giver Quartet #1),£12.30,3,1,0
a8b0ea6490bc818f,The Hitchhiker's Guide to the Galaxy (Hitchhiker's Guide to the Galaxy #1),£47.80,3,3,0
b5da59dd177eb36b,The Guns of August,£14.54,3,2,0
4a0a276409968a73,The Guernsey Literary and Potato Peel Pie Society,£49.53,3,1,0
554e9e2d532b3a87,The Infinities,£27.41,3,1,0
35e69a79d2b1e804,"The Land of 10,000 Madonnas",£29.64,3,4,0
476c7972e9b41891,The Last Painting of Sara de Vos,£55.55,3,2,0
70c7c3ca7f9b2728,The Lean Startup: How Today's Entrepreneurs Use Continuous Innovation to Create Radically Successful Businesses,£33.92,3,3,0
1a5044d233936b1a,The Rise of Theodore Roosevelt (Theodore Roosevelt #1),£42.57,3,3,0
322a9e34d87f54b1,The Rose & the Dagger (The Wrath and the Dawn #2),£58.64,3,4,0
ff6bb30dd0c482a6,The Husband's Secret,£52.51,3,5,0
91eb9605998a7c03,"The Sandman, Vol. 3: Dream Country (The Sandman (volumes) #3)",£55.55,3,5,0
f06039c29b5891fa,The Silkworm (Cormoran Strike #2),£23.05,3,5,0
c57d3c96af23c297,Shopaholic & Baby (Shopaholic #5),£46.45,3,2,0
feaaae90514eb2ac,Soldier (Talon #3),£24.72,3,2,0
366a236aa1ea6f07,The Road to Little Dribbling: Adventures of an American in Britain (Notes From a Small Island #2),£23.21,3,1,0
3fc9d51d1c4d6ba7,Something Blue (Darcy & Rachel #2),£54.62,3,1,0
ac27ab4bcd9c492e,Something Borrowed (Darcy & Rachel #1),£48.96,3,5,0
f08667e4c0458f37,Spilled Milk: Based on a True Story,£49.51,3,1,0
0e4e2d31c2fb3aad,Walk the Edge (Thunder Road #2),£32.36,3,3,0
a11ae5f07572ef49,Stiff: The Curious Lives of Human Cadavers,£36.74,3,3,0
61002f3b7ba5d780,"Surely You're Joking, Mr. Feynman!: Adventures of a Curious Character",£25.83,3,2,0
2858ac90c4758e1f,The Art of Fielding,£22.10,3,1,0
311634df10651e05,"The Art of Simple Food: Notes, Lessons, and Recipes from a Delicious Revolution",£34.32,3,3,0
b04a6a0db525857d,The Autobiography of Malcolm X,£23.43,3,2,0
cd3dcd83bb002e78,The Blind Side: Evolution of a Game,£53.71,3,5,0
08decd9664e5d56e,The Book of Basketball: The NBA According to The Sports Guy,£44.84,3,5,0
970bd3316219e7dc,The Case for Christ (Cases for Christianity),£47.84,3,1,0
a75e274c8814b539,The Book Thief,£53.49,3,2,0
b7f475238ed50429,The Cat in the Hat (Beginner Books B-1),£16.26,3,2,0
3250650a5c4e6f07,One for the Money (Stephanie Plum #1),£32.87,3,2,0
8378c899988905ee,Orange Is the New Black,£24.61,3,2,0
c59283b05905c853,Original Fake,£31.45,3,3,0
09a7b0b566ad6225,Outliers: The Story of Success,£14.16,3,1,0
8e2dfd6bcf48e1e6,Packing for Mars: The Curious Science of Life in the Void,£56.68,3,2,0
cb62418129b864a3,Persepolis: The Story of a Childhood (Persepolis #1-2),£39.13,3,1,0
9707989a439757b4,Prodigy: The Graphic Novel (Legend: The Graphic Novel #2),£43.63,3,3,0
3c565df219ba3274,Quiet: The Power of Introverts in a World That Can't Stop Talking,£43.55,3,1,0
2ef5dc7e278e562a,Ready Player One,£19.07,3,4,0
4c8ece50736f9e88,Red: The True Story of Red Riding Hood,£28.54,3,3,0
ecdf73ee66c33b17,Reservations for Two,£11.10,3,3,0
8e9dd8431170c09e,Rework,£44.88,3,2,0
89cad3f37c9ce226,"Rise of the Rocket Girls: The Women Who Propelled Us, from Missiles to the Moon to Mars",£41.67,3,4,0
b4f5672f68ec3a83,Rogue Lawyer (Rogue Lawyer #1),£50.11,3,3,0
28921443f052bea6,Running with Scissors,£12.91,3,4,0
7b870bf85d01c2dc,"Saga, Volume 3 (Saga (Collected Editions) #3)",£21.57,3,5,0
5b2cd5b31a510848,Sarah's Key,£46.29,3,1,0
07806456878931bc,Seven Days in the Art World,£52.33,3,2,0
487449f4f6322f0f,The Catcher in the Rye,£24.55,3,1,0
23707d3ddf14a999,The Complete Poems,£41.32,3,5,0
510832818edb6fbc,Scarlet (The Lunar Chronicles #2),£14.57,3,4,0
cad70d6ffd53912f,The Complete Stories and Poems (The Works of Edgar Allan Poe [Cameo Edition]),£26.78,3,4,0
1be6d3b121865edb,The Cuckoo's Calling (Cormoran Strike #1),£19.21,3,1,0
dabf11918b48b40c,The Da Vinci Code (Robert Langdon #2),£22.96,3,2,0
281a244ce1954711,Seven Brief Lessons on Physics,£30.60,3,4,0
a2dc754afb69bb32,Confessions of a Shopaholic (Shopaholic #1),£48.94,4,2,0
2b69d289279aabfd,Dark Lover (Black Dagger Brotherhood #1),£12.87,4,1,0
16e843e6b853cc2f,Lady Renegades (Rebel Belle #3),£53.04,3,5,0
190fbebbf798c31a,"Lamb: The Gospel According to Biff, Christ's Childhood Pal",£55.50,3,5,0
d5e1a9bfe22bbf9f,"Lean In: Women, Work, and the Will to Lead",£25.02,3,1,0
0ce8075fab4a2b5b,Legend (Legend #1),£43.69,3,4,0
1246e4ffeb5ac4ea,Let's Pretend This Never Happened: A Mostly True Memoir,£45.11,3,1,0
1de75f05d57bfc10,Letter to a Christian Nation,£22.20,3,1,0
c53d9fefcda371e9,Life Without a Recipe,£59.04,3,5,0
4ec53ff7e2263f32,Life After Life,£26.13,3,2,0
4b3f4f151c99f472,"Life, the Universe and Everything (Hitchhiker's Guide to the Galaxy #3)",£33.26,3,2,0
4ef75307fb64e2ad,Lila (Gilead #3),£12.47,3,3,0
abc4a7ee16c21088,Me Talk Pretty One Day,£57.60,3,2,0
0dcadb06206abd3c,Lust & Wonder,£11.87,3,2,0
546da23278482b0a,Manuscript Found in Accra,£34.98,3,2,0
e9056f9b5a40a301,Midnight Riot (Peter Grant/ Rivers of London - books #1),£55.46,3,2,0
7980fa06f2b704d8,"Miracles from Heaven: A Little Girl, Her Journey to Heaven, and Her Amazing Story of Healing",£57.83,3,1,0
7ce5a92baabb6bc0,Morning Star (Red Rising #3),£29.40,3,1,0
d5c588b6f9c015e4,Gone Girl,£37.60,3,5,0
984b3b6e7479b571,Golden (Heart of Dread #3),£42.21,3,4,0
c300cc9326592b65,Gratitude,£26.66,3,5,0
4f6985aca357ae09,"Grayson, Vol 3: Nemesis (Grayson #3)",£42.72,3,1,0
621e2c310cec8d32,Green Eggs and Ham (Beginner Books B-16),£10.79,3,4,0
b003f8bb02f76dc5,Heir to the Sky,£44.07,3,4,0
0cb4856be3694a57,Holidays on Ice,£51.07,3,2,0
cc1ac978a6835ef6,Horrible Bear!,£37.52,3,2,0
557c03c284be1bf2,House of Leaves,£54.89,3,1,0
1812b8f5641287e3,"House of Lost Worlds: Dinosaurs, Dynasties, and the Story of Life on Earth",£43.70,3,2,0
6b32b561dab8036c,I've Got Your Number,£19.69,3,1,0
6c4d17a46cac8787,Hungry Girl Clean & Hungry: Easy All-Natural Recipes for Healthy Eating in the Real World,£33.14,3,3,0
8010c7c148057fd3,I Am Malala: The Girl Who Stood Up for Education and Was Shot by the Taliban,£28.88,3,2,0
d8292cd5f1aca291,"In the Garden of Beasts: Love, Terror, and an American Family in Hitler's Berlin",£28.85,3,3,0
6c4646d90b60a56c,Inferno (Robert Langdon #4),£41.00,3,5,0
a7c3f1010d64799a,Into the Wild,£56.70,3,5,0
034829ffdd0a0aea,Is Everyone Hanging Out Without Me? (And Other Concerns),£20.11,3,3,0
61569d12d4ae7161,If I Run (If I Run #1),£49.97,3,4,0
2ed3a794a70aa85f,Fire Bound (Sea Haven/Sisters of the Heart #5),£21.28,3,4,0
ed813a848580ba50,Fifty Shades Freed (Fifty Shades #3),£15.36,3,5,0
dbe33cf29ef1623d,Cosmos,£36.17,3,2,0
157f693d9e600ccc,Counting Thyme,£10.62,3,1,0
66937c669c4da072,Dark Places,£23.90,3,5,0
41fc5dce044f16f5,Girl in the Blue Coat,£46.83,3,2,0
468bd274ac084bb9,Darkfever (Fever #1),£56.02,3,1,0
d234ddecef49ef4e,"David and Goliath: Underdogs, Misfits, and the Art of Battling Giants",£17.81,3,1,0
04d858cdeeee0da4,Dead Wake: The Last Crossing of the Lusitania,£39.24,3,5,0
81372abc86f65c79,Disrupted: My Misadventure in the Start-Up Bubble,£15.28,3,5,0
98330e431e56a9ea,Do Androids Dream of Electric Sheep? (Blade Runner #1),£51.48,3,1,0
c9782ad2a0ed9331,Crazy Rich Asians (Crazy Rich Asians #1),£49.13,3,5,0
a7ec599c1a547746,Dracula,£52.62,3,3,0
36d5884d44484277,Dune (Dune #1),£54.86,3,1,0
73f71f9556442117,Eclipse (Twilight #3),£18.74,3,1,0
b843f52a986a2914,Eragon (The Inheritance Cycle #1),£43.87,3,3,0
588ba85ff11a3263,Extreme Prey (Lucas Davenport #26),£25.40,3,3,0
147019cae600694e,Fellside,£38.62,3,1,0
da0349a87c8caa2f,Are We Smart Enough to Know How Smart Animals Are?,£56.58,3,1,0
ef9c4f2465513956,Are We There Yet?,£10.66,3,3,0
5d22e2a46604b6e7,Ash,£22.06,3,4,0
1d89a2aa9f6ce50f,Awkward,£38.02,3,2,0
5439bae708bca198,Beautiful Creatures (Caster Chronicles #1),£21.55,3,5,0
3fb69f34e178d494,Beowulf,£38.35,3,2,0
67dea6c75d6a1075,Best of My Love (Fool's Gold #20),£27.41,3,2,0
155e42df837ee5ff,Between Shades of Gray,£20.79,3,5,0
15f415d436888b2d,"Black Butler, Vol. 1 (Black Butler #1)",£49.31,3,1,0
d3f9c4539c0caa64,Big Little Lies,£22.11,3,1,0
860318b8e244f39c,Black Flags: The Rise of ISIS,£40.87,3,1,0
0bbc48294707ba96,Blink: The Power of Thinking Without Thinking,£21.74,3,5,0
e256de8aa0c2115f,"Born to Run: A Hidden Tribe, Superathletes, and the Greatest Race the World Has Never Seen",£27.35,3,2,0
8e0bc2fe4e7d35b5,Boy Meets Boy,£21.12,3,3,0
fd2337c1b73b686e,Brave Enough,£51.32,3,5,0
bbfc4a3b7b6c94a0,Breaking Dawn (Twilight #4),£35.28,3,5,0
7bf87402413c27ff,Annie on My Mind,£36.83,3,5,0
97b8f130d32e9f4e,Girl Online On Tour (Girl Online #2),£53.47,2,1,0
b6d3f4f4ee1f6069,H is for Hawk,£57.42,2,5,0
fb495f9f9015a772,Kindle Paperwhite User's Guide,£34.00,2,3,0
637e5a45062aa548,Life,£31.58,2,5,0
6fa3ea52c8e31e06,New Moon (Twilight #2),£12.86,2,4,0
b0e479be03911916,"Run, Spot, Run: The Ethics of Keeping Pets",£20.02,2,1,0
9189fd009df41d0e,"Saga, Volume 2 (Saga (Collected Editions) #2)",£11.75,2,3,0
ce42e3de94226b2b,Sugar Rush (Offensive Line #2),£24.42,2,1,0
f3c76b53b239f511,The Course of Love,£16.78,2,3,0
276dc716b1da8899,"The Sandman, Vol. 2: The Doll's House (The Sandman (volumes) #2)",£54.81,2,1,0
4130678275eb7c8c,The Sense of an Ending,£31.38,2,3,0
d2185b65af52d68c,"The Suffragettes (Little Black Classics, #96)",£11.89,2,2,0
165affa7adb5eded,#GIRLBOSS,£50.96,3,1,0
f5873c8fc7760000,8 Keys to Mental Health Through Exercise,£31.04,3,1,0
c9770bb1d5a492a0,A Heartbreaking Work of Staggering Genius,£54.29,3,5,0
87beabf664115d79,A Storm of Swords (A Song of Ice and Fire #3),£31.22,3,2,0
5dbd6ec4e154ad2f,A Visit from the Goon Squad,£14.08,3,5,0
bcee4f289ff6699c,A Walk in the Woods: Rediscovering America on the Appalachian Trail,£30.48,3,4,0
cfe350b20d23b02b,And Then There Were None,£35.01,3,2,0
6f2c0a9adbb2bca9,The Selfish Gene,£29.45,1,1,0
9e9932ae1a7d0943,The Silent Twin (Detective Jennifer Knight #3),£36.25,1,3,0
b78deb463531d078,The Silent Wife,£12.34,1,5,0
32d035df92ab9080,The Story of Hong Gildong,£43.19,1,4,0
dac9d1e654fac737,"The Wicked + The Divine, Vol. 1: The Faust Act (The Wicked + The Divine)",£36.52,1,2,0
9c96cd1329fbd82d,The Zombie Room,£19.69,1,5,0
d6d98d3508c30f57,This One Moment (Pushing Limits #1),£48.71,1,1,0
0268f149d014b389,Travels with Charley: In Search of America,£57.82,1,5,0
e63c3f25338baf9a,Twenty Love Poems and a Song of Despair,£30.95,1,4,0
dab5e75d1339706a,Vampire Girl (Vampire Girl #1),£53.82,1,2,0
e7e87087b1a44711,"Vampire Knight, Vol. 1 (Vampire Knight #1)",£15.40,1,1,0
66a4e422b212726a,Ways of Seeing,£39.51,1,5,0
c5f91eb481427dc5,When I'm Gone,£51.96,1,3,0
def389ddfda6991b,Where Lightning Strikes (Bleeding Stars #3),£39.77,1,3,0
8ceb5c6aed2c5f8b,While You Were Mine,£41.32,1,5,0
09d26b5f819c6a36,"Y: The Last Man, Vol. 1: Unmanned (Y: The Last Man #1)",£18.51,1,4,0
18b4545a5ed15581,The Communist Manifesto,£14.76,1,3,0
3301af038a720587,The Complete Maus (Maus #1-2),£10.64,1,3,0
29fc016c459aeb14,The Edge of Reason (Bridget Jones #2),£19.18,1,4,0
09659d1639a1f978,The End of the Jesus Era (An Investigation #1),£14.40,1,1,0
6514add13c82b115,The Tumor,£41.56,1,5,0
ee61197edb882599,The Girl In The Ice (DCI Erika Foster #1),£15.85,1,3,0
4280ac3eab57aa5d,The Girl You Lost,£12.29,1,5,0
fff8a057a40c4a60,The Haters,£27.89,1,5,0
6e473eff459e809f,The Hook Up (Game On #1),£36.29,1,5,0
86d8bd7afa5b51b3,The Iliad,£16.16,1,1,0
460f97a346b44bac,Three Wishes (River of Time: California #1),£44.18,1,2,0
16c71736dae78764,The Last Girl (The Dominion Trilogy #1),£36.26,1,2,0
04e43893e32f9d29,The Light of the Fireflies,£54.43,1,1,0
1aeca7d078d57deb,The Little Prince,£45.42,1,2,0
c40b70e0f6d80189,The Mirror & the Maze (The Wrath and the Dawn #1.5),£29.38,1,1,0
b0913e67d38d5ed5,The No. 1 Ladies' Detective Agency (No. 1 Ladies' Detective Agency #1),£57.70,1,4,0
5c10b64db3e4f228,The Nicomachean Ethics,£36.34,1,1,0
f0512adadffd2480,The Odyssey,£29.64,1,3,0
8932e5c12f12ffed,Origins (Alphas 0.5),£28.99,1,1,0
326825e02a198cf6,"Ouran High School Host Club, Vol. 1 (Ouran High School Host Club #1)",£29.87,1,3,0
c8614adb1a90b027,The Name of the Wind (The Kingkiller Chronicle #1),£50.59,1,3,0
bcbcbcf0f6ed196f,"Paper Girls, Vol. 1 (Paper Girls #1-5)",£21.71,1,4,0
3cdca3b4a93980f5,"Rat Queens, Vol. 1: Sass & Sorcery (Rat Queens (Collected Editions) #1-5)",£46.96,1,5,0
9efb397067eb7e8a,"Rhythm, Chord & Malykhin",£28.34,1,2,0
849db7ab7f4a640c,Paradise Lost (Paradise #1),£24.96,1,1,0
4f64568dfefa3ce7,"Saga, Volume 1 (Saga (Collected Editions) #1)",£28.48,1,1,0
35e44170702139a4,Sense and Sensibility,£37.46,1,1,0
229cd6564bf0dce4,Shadow Rites (Jane Yellowrock #10),£21.72,1,4,0
132adf7335bb384a,Settling the Score (The Summer Games #1),£44.91,1,2,0
9ed7090d8fa690b0,Shatter Me (Shatter Me #1),£42.40,1,1,0
3a9a7c5895e82646,Sister Sable (The Mad Queen #1),£13.33,1,3,0
72e6fbf4f6382557,"Fruits Basket, Vol. 1 (Fruits Basket #1)",£40.28,1,5,0
eb0fe24bbc845ecc,"Giant Days, Vol. 1 (Giant Days #1-4)",£56.76,1,4,0
6717a70913b3db79,Having the Barbarian's Baby (Ice Planet Barbarians #7.5),£34.96,1,4,0
6fe02600f322a0a9,"Hawkeye, Vol. 1: My Life as a Weapon (Hawkeye #1)",£45.24,1,3,0
3455b45888fb5053,Icing (Aces Hockey #2),£40.44,1,4,0
06f6a57a6d532844,Kitchens of the Great Midwest,£57.20,1,5,0
8d390a1fc3133d06,Jane Eyre,£38.43,1,5,0
6e712ea24e77bd96,Listen to Me (Fusion #1),£58.99,1,3,0
71a6471bbdac21d9,Lord of the Flies,£24.89,1,3,0
d510567580c8be52,Lost Among the Living,£27.70,1,4,0
1053fb7ee17a1f33,Matilda,£28.34,1,1,0
4f19709e47883df5,Meditations,£25.89,1,2,0
2ac720f76384c57e,"Skip Beat!, Vol. 01 (Skip Beat! #1)",£42.12,1,3,0
7ea31f38675b91c1,One Second (Seven #7),£52.94,1,2,0
35a60467893aa168,"Ms. Marvel, Vol. 1: No Normal (Ms. Marvel (2014-2015) #1)",£39.39,1,4,0
c068c013d6921fea,Shameless,£58.35,1,3,0
63e20a0f98218a87,Myriad (Prentor #1),£58.75,1,4,0
39592d9d72e717c4,Of Mice and Men,£47.11,1,2,0
228ba5e7577e1d49,"1,000 Places to See Before You Die",£26.08,1,5,0
f684a82adc49f011,1st to Die (Women's Murder Club #1),£53.98,1,1,0
f28f7299d38c0932,Imperfect Harmony,£34.74,1,4,0
bfd5e1701c862ac3,"Ajin: Demi-Human, Volume 1 (Ajin: Demi-Human #1)",£57.06,1,4,0
19fec36a1dfb4c16,A Spy's Devotion (The Regency Spies of London #1),£16.97,1,5,0
cd2a2a70dd5d176d,Alice in Wonderland (Alice's Adventures in Wonderland #1),£55.53,1,1,0
08672cd59171d5e4,Beyond Good and Evil,£43.38,1,1,0
099fae4a0705d63b,"Bleach, Vol. 1: Strawberry and the Soul Reapers (Bleach #1)",£34.65,1,5,0
95cdfd514098c38b,Blood Defense (Samantha Brinkman #1),£20.30,1,3,0
abc0b15f2c907ff0,Bounty (Colorado Mountain #7),£37.26,1,4,0
a2b4b685dfa94733,Bridget Jones's Diary (Bridget Jones #1),£29.82,1,1,0
230ac636ea0ea415,Bright Lines,£39.07,1,5,0
a96404cb928895f3,Charity's Cross (Charles Towne Belles #4),£41.24,1,1,0
1774749f2cee292f,Charlie and the Chocolate Factory (Charlie Bucket #1),£22.85,1,3,0
a812f6969ddf3e39,Choosing Our Religion: The Spiritual Lives of America's Nones,£28.42,1,4,0
fd78f89878479f56,My Perfect Mistake (Over the Top #1),£38.92,1,2,0
2e69730561ed70ad,Emma,£32.93,1,2,0
df56868afd166557,"Eat, Pray, Love",£51.32,1,3,0
0072b94dfa30608e,Deep Under (Walker Security #1),£47.09,1,5,0
6390772a3094939d,Fighting Fate (Fighting #6),£39.24,1,3,0
e564c3f1a93ccf2e,Forever Rockers (The Rocker #12),£28.80,1,3,0
a492f49a3e2b6a71,Frankenstein,£38.00,1,2,0
a1985630339f4b3d,Old Records Never Die: One Man's Quest for His Vinyl and His Past,£55.66,1,2,0
b6f1cfadc4dd79d4,Off Sides (Off #1),£39.45,1,5,0
9ff997ab15713e53,On the Road (Duluoz Legend),£32.36,1,3,0
e25164e5b3fe208b,Starlark,£25.83,1,3,0
a7eef9d6795422c1,Taking Shots (Assassins #1),£18.88,1,2,0
5bc1fbccfbf2355c,The Art of Not Breathing,£40.83,1,4,0
dfb0849016bc122c,The Bette Davis Club,£30.66,1,3,0
f3a0b8c835129558,The Bhagavad Gita,£57.49,1,3,0
0ec9d2b018fb10d8,The Republic,£33.78,1,3,0
5faefdc861684eb1,"The Sandman, Vol. 1: Preludes and Nocturnes (The Sandman (volumes) #1)",£54.12,1,3,0
38f776ab9118aed7,The Secret Healer,£34.56,1,3,0
d7b463918d3b8c39,Diary of a Minecraft Zombie Book 1: A Scare of a Dare (An Unofficial Minecraft Book),£52.88,2,4,0
c0db71f6bb14db11,"Fruits Basket, Vol. 2 (Fruits Basket #2)",£11.64,2,5,0
b461cf238506c5b8,Career of Evil (Cormoran Strike #3),£24.72,3,2,0
ef49db2aaa9bb547,Catastrophic Happiness: Finding Joy in Childhood's Messy Years,£37.35,3,2,0
7e9579921e5407cb,Cinder (The Lunar Chronicles #1),£26.09,3,1,0
396385e3de5d18c3,Civilization and Its Discontents,£59.95,3,2,0
a9aa3ed5b316470b,"Friday Night Lights: A Town, a Team, and a Dream",£51.22,3,3,0
d5f5a122a593b580,"Fruits Basket, Vol. 3 (Fruits Basket #3)",£45.17,3,2,0
d4a29356fc992879,It's Never Too Late to Begin Again: Discovering Creativity and Meaning at Midlife and Beyond,£42.38,3,1,0
a0dd11f6abc421ec,Jurassic Park (Jurassic Park #1),£44.97,3,1,0
54aeeb4610d3ae08,Naked,£31.69,3,3,0
747cf7fca2ccdbd4,Neither Here nor There: Travels in Europe,£38.95,3,3,0
cb65e49993db9a93,Notes from a Small Island (Notes From a Small Island #1),£40.17,3,1,0
c4d9fce9eff3b8ba,Night (The Night Trilogy #1),£13.51,3,1,0
ad15a9a139919918,Far From True (Promise Falls Trilogy #2),£34.93,4,2,0
2ba5ccc84d35006c,"Orchestra of Exiles: The Story of Bronislaw Huberman, the Israel Philharmonic, and the One Thousand Jews He Saved from Nazi Horrors",£12.36,4,3,0
5de4baa88061a77a,Outlander (Outlander #1),£19.67,4,5,0
ae884ac655d6ee3e,Paper and Fire (The Great Library #2),£49.45,4,5,0
38199c5d7da0c0ef,Shopaholic Ties the Knot (Shopaholic #3),£48.39,4,5,0
45045146dbf7b009,Isla and the Happily Ever After (Anna and the French Kiss #3),£48.13,5,5,0
6478ccb4416e6a5d,The Barefoot Contessa Cookbook,£59.92,6,5,0
725cd8d23d78cdca,Meternity,£43.58,7,3,0
924438fc6cbec836,"Naturally Lean: 125 Nourishing Gluten-Free, Plant-Based Recipes--All Under 300 Calories",£11.38,7,5,0
746029796363aa51,Nightstruck: A Novel,£50.35,7,4,0
9147c5251cc99eb1,The Story of Art,£41.14,7,4,0
df6a7c43faa6732b,Future Shock (Future Shock #1),£55.65,8,5,0
d48c1369927ebef1,Heaven is for Real: A Little Boy's Astounding Story of His Trip to Heaven and Back,£52.86,8,2,0
a278db6b2b09cf9f,Someone Like You (The Harrisons #2),£52.79,14,5,0
3edcccc4f341fb1a,Sorting the Beef from the Bull: The Science of Food Fraud Forensics,£44.74,14,4,0
95019eac1c0a052f,Steve Jobs,£39.50,14,5,0
fe44cc816576c652,Still Life with Bread Crumbs,£26.41,14,3,0
ac8e3949d284e9a9,Superman Vol. 1: Before Truth (Superman by Gene Luen Yang #1),£11.89,14,5,0
4c8b7540409da4ac,Swell: A Year of Waves,£45.58,14,1,0
2d88a31f325dfd3b,The Loney,£23.40,14,1,0
f21effc079a2b38a,The Long Haul (Diary of a Wimpy Kid #9),£44.07,14,1,0
4e812d32d64e2431,The Lucifer Effect: Understanding How Good People Turn Evil,£10.40,14,1,0
6bdd909329435e80,The Power of Habit: Why We Do What We Do in Life and Business,£16.88,14,3,0
44a10f1ac8ce822e,Whole Lotta Creativity Going On: 60 Fun and Unusual Exercises to Awaken and Strengthen Your Creativity,£38.20,14,4,0
88c21fcd38e2486e,Dark Notes,£19.19,15,5,0
c1afd71fc86bf682,Large Print Heart of the Pride,£19.15,15,2,0
ba54932df84e8cea,Library of Souls (Miss Peregrine’s Peculiar Children #3),£48.56,15,5,0
4aa03792b50f0b22,Little Red,£13.47,15,3,0
d69dd8dac66f9f84,Louisa: The Extraordinary Life of Mrs. Adams,£16.85,15,2,0
af96613fdd793a3c,Miss Peregrine’s Home for Peculiar Children (Miss Peregrine’s Peculiar Children #1),£10.76,15,1,0
e7469e22b5bfb3e7,The Art of War,£33.34,15,5,0
caf4fe9311f1dc59,Modern Romance,£28.26,15,5,0
dd047728de72ad62,The Artist's Way: A Spiritual Path to Higher Creativity,£38.49,15,5,0
efc3768127714ec3,The Bridge to Consciousness: I'm Writing the Bridge Between Science and Our Old and New Beliefs.,£32.00,15,3,0
e80f8e518b300dfe,"Pop Gun War, Volume 1: Gift",£18.97,16,1,0
0e691eda369f4e09,Princess Between Worlds (Wide-Awake Princess #5),£13.34,16,5,0
0fa6dceead7ce47a,"Princess Jellyfish 2-in-1 Omnibus, Vol. 01 (Princess Jellyfish 2-in-1 Omnibus #1)",£13.61,16,5,0
d01ac97e2b8947c2,The Murder That Never Was (Forensic Instincts #5),£54.11,16,3,0
7d385d34d12e60ff,The Nameless City (The Nameless City #1),£38.16,16,4,0
c8f7f0cb1abb9cac,Reasons to Stay Alive,£26.41,17,2,0
52cf2a5933ec5d8f,The Marriage of Opposites,£28.08,14,4,0
b4fd5943413e089a,Slow States of Collapse: Poems,£57.31,17,3,0
23356462d1320d61,In Her Wake,£12.84,19,1,0
